apisrs1;test;apiusers1;test
apisrs2;test;apiusers2;test
apisrs3;test;apiusers3;test
apisrs4;test;apiusers4;test
apisrs5;test;apiusers5;test
apisrs6;test;apiusers6;test
apisrs7;test;apiusers7;test
apisrs8;test;apiusers8;test
apisrs9;test;apiusers9;test
apisrs10;test;apiusers10;test
apisrs11;test;apiusers11;test
apisrs12;test;apiusers12;test
apisrs13;test;apiusers13;test
apisrs14;test;apiusers14;test
apisrs15;test;apiusers15;test
apisrs16;test;apiusers16;test
apisrs17;test;apiusers17;test
apisrs18;test;apiusers18;test
apisrs19;test;apiusers19;test
apisrs20;test;apiusers20;test
apisrs21;test;apiusers21;test
apisrs22;test;apiusers22;test
apisrs23;test;apiusers23;test
apisrs24;test;apiusers24;test
apisrs25;test;apiusers25;test
apisrs26;test;apiusers26;test
apisrs27;test;apiusers27;test
apisrs28;test;apiusers28;test
apisrs29;test;apiusers29;test
apisrs30;test;apiusers30;test
apisrs31;test;apiusers31;test
apisrs32;test;apiusers32;test
apisrs33;test;apiusers33;test
apisrs34;test;apiusers34;test
apisrs35;test;apiusers35;test
apisrs36;test;apiusers36;test
apisrs37;test;apiusers37;test
apisrs38;test;apiusers38;test
apisrs39;test;apiusers39;test
apisrs40;test;apiusers40;test
apisrs41;test;apiusers41;test
apisrs42;test;apiusers42;test
apisrs43;test;apiusers43;test
apisrs44;test;apiusers44;test
apisrs45;test;apiusers45;test
apisrs46;test;apiusers46;test
apisrs47;test;apiusers47;test
apisrs48;test;apiusers48;test
apisrs49;test;apiusers49;test
apisrs50;test;apiusers50;test
