apisr1;test;apipp1;test;apivvb1;test
apisr2;test;apipp2;test;apivvb2;test
apisr3;test;apipp3;test;apivvb3;test
apisr4;test;apipp4;test;apivvb4;test
apisr5;test;apipp5;test;apivvb5;test
apisr6;test;apipp6;test;apivvb6;test
apisr7;test;apipp7;test;apivvb7;test
apisr8;test;apipp8;test;apivvb8;test
apisr9;test;apipp9;test;apivvb9;test
apisr10;test;apipp10;test;apivvb10;test
apisr11;test;apipp11;test;apivvb11;test
apisr12;test;apipp12;test;apivvb12;test
apisr13;test;apipp13;test;apivvb13;test
apisr14;test;apipp14;test;apivvb14;test
apisr15;test;apipp15;test;apivvb15;test
apisr16;test;apipp16;test;apivvb16;test
apisr17;test;apipp17;test;apivvb17;test
apisr18;test;apipp18;test;apivvb18;test
apisr19;test;apipp19;test;apivvb19;test
apisr20;test;apipp20;test;apivvb20;test
apisr21;test;apipp21;test;apivvb21;test
apisr22;test;apipp22;test;apivvb22;test
apisr23;test;apipp23;test;apivvb23;test
apisr24;test;apipp24;test;apivvb24;test
apisr25;test;apipp25;test;apivvb25;test
apisr26;test;apipp26;test;apivvb26;test
apisr27;test;apipp27;test;apivvb27;test
apisr28;test;apipp28;test;apivvb28;test
apisr29;test;apipp29;test;apivvb29;test
apisr30;test;apipp30;test;apivvb30;test
apisr31;test;apipp31;test;apivvb31;test
apisr32;test;apipp32;test;apivvb32;test
apisr33;test;apipp33;test;apivvb33;test
apisr34;test;apipp34;test;apivvb34;test
apisr35;test;apipp35;test;apivvb35;test
apisr36;test;apipp36;test;apivvb36;test
apisr37;test;apipp37;test;apivvb37;test
apisr38;test;apipp38;test;apivvb38;test
apisr39;test;apipp39;test;apivvb39;test
apisr40;test;apipp40;test;apivvb40;test
apisr41;test;apipp41;test;apivvb41;test
apisr42;test;apipp42;test;apivvb42;test
apisr43;test;apipp43;test;apivvb43;test
apisr44;test;apipp44;test;apivvb44;test
apisr45;test;apipp45;test;apivvb45;test
apisr46;test;apipp46;test;apivvb46;test
apisr47;test;apipp47;test;apivvb47;test
apisr48;test;apipp48;test;apivvb48;test
apisr49;test;apipp49;test;apivvb49;test
apisr50;test;apipp50;test;apivvb50;test
apisr51;test;apipp51;test;apivvb51;test
apisr52;test;apipp52;test;apivvb52;test
apisr53;test;apipp53;test;apivvb53;test
apisr54;test;apipp54;test;apivvb54;test
apisr55;test;apipp55;test;apivvb55;test
apisr56;test;apipp56;test;apivvb56;test
apisr57;test;apipp57;test;apivvb57;test
apisr58;test;apipp58;test;apivvb58;test
apisr59;test;apipp59;test;apivvb59;test
apisr60;test;apipp60;test;apivvb60;test
apisr61;test;apipp61;test;apivvb61;test
apisr62;test;apipp62;test;apivvb62;test
apisr63;test;apipp63;test;apivvb63;test
apisr64;test;apipp64;test;apivvb64;test
apisr65;test;apipp65;test;apivvb65;test
apisr66;test;apipp66;test;apivvb66;test
apisr67;test;apipp67;test;apivvb67;test
apisr68;test;apipp68;test;apivvb68;test
apisr69;test;apipp69;test;apivvb69;test
apisr70;test;apipp70;test;apivvb70;test
apisr71;test;apipp71;test;apivvb71;test
apisr72;test;apipp72;test;apivvb72;test
apisr73;test;apipp73;test;apivvb73;test
apisr74;test;apipp74;test;apivvb74;test
apisr75;test;apipp75;test;apivvb75;test
apisr76;test;apipp76;test;apivvb76;test
apisr77;test;apipp77;test;apivvb77;test
apisr78;test;apipp78;test;apivvb78;test
apisr79;test;apipp79;test;apivvb79;test
apisr80;test;apipp80;test;apivvb80;test
apisr81;test;apipp81;test;apivvb81;test
apisr82;test;apipp82;test;apivvb82;test
apisr83;test;apipp83;test;apivvb83;test
apisr84;test;apipp84;test;apivvb84;test
apisr85;test;apipp85;test;apivvb85;test
apisr86;test;apipp86;test;apivvb86;test
apisr87;test;apipp87;test;apivvb87;test
apisr88;test;apipp88;test;apivvb88;test
apisr89;test;apipp89;test;apivvb89;test
apisr90;test;apipp90;test;apivvb90;test
apisr91;test;apipp91;test;apivvb91;test
apisr92;test;apipp92;test;apivvb92;test
apisr93;test;apipp93;test;apivvb93;test
apisr94;test;apipp94;test;apivvb94;test
apisr95;test;apipp95;test;apivvb95;test
apisr96;test;apipp96;test;apivvb96;test
apisr97;test;apipp97;test;apivvb97;test
apisr98;test;apipp98;test;apivvb98;test
apisr99;test;apipp99;test;apivvb99;test
apisr100;test;apipp100;test;apivvb100;test
apisr101;test;apipp101;test;apivvb101;test
apisr102;test;apipp102;test;apivvb102;test
apisr103;test;apipp103;test;apivvb103;test
apisr104;test;apipp104;test;apivvb104;test
apisr105;test;apipp105;test;apivvb105;test
apisr106;test;apipp106;test;apivvb106;test
apisr107;test;apipp107;test;apivvb107;test
apisr108;test;apipp108;test;apivvb108;test
apisr109;test;apipp109;test;apivvb109;test
apisr110;test;apipp110;test;apivvb110;test
apisr111;test;apipp111;test;apivvb111;test
apisr112;test;apipp112;test;apivvb112;test
apisr113;test;apipp113;test;apivvb113;test
apisr114;test;apipp114;test;apivvb114;test
apisr115;test;apipp115;test;apivvb115;test
apisr116;test;apipp116;test;apivvb116;test
apisr117;test;apipp117;test;apivvb117;test
apisr118;test;apipp118;test;apivvb118;test
apisr119;test;apipp119;test;apivvb119;test
apisr120;test;apipp120;test;apivvb120;test
apisr121;test;apipp121;test;apivvb121;test
apisr122;test;apipp122;test;apivvb122;test
apisr123;test;apipp123;test;apivvb123;test
apisr124;test;apipp124;test;apivvb124;test
apisr125;test;apipp125;test;apivvb125;test
apisr126;test;apipp126;test;apivvb126;test
apisr127;test;apipp127;test;apivvb127;test
apisr128;test;apipp128;test;apivvb128;test
apisr129;test;apipp129;test;apivvb129;test
apisr130;test;apipp130;test;apivvb130;test
apisr131;test;apipp131;test;apivvb131;test
apisr132;test;apipp132;test;apivvb132;test
apisr133;test;apipp133;test;apivvb133;test
apisr134;test;apipp134;test;apivvb134;test
apisr135;test;apipp135;test;apivvb135;test
apisr136;test;apipp136;test;apivvb136;test
apisr137;test;apipp137;test;apivvb137;test
apisr138;test;apipp138;test;apivvb138;test
apisr139;test;apipp139;test;apivvb139;test
apisr140;test;apipp140;test;apivvb140;test
apisr141;test;apipp141;test;apivvb141;test
apisr142;test;apipp142;test;apivvb142;test
apisr143;test;apipp143;test;apivvb143;test
apisr144;test;apipp144;test;apivvb144;test
apisr145;test;apipp145;test;apivvb145;test
apisr146;test;apipp146;test;apivvb146;test
apisr147;test;apipp147;test;apivvb147;test
apisr148;test;apipp148;test;apivvb148;test
apisr149;test;apipp149;test;apivvb149;test
apisr150;test;apipp150;test;apivvb150;test
apisr151;test;apipp151;test;apivvb151;test
apisr152;test;apipp152;test;apivvb152;test
apisr153;test;apipp153;test;apivvb153;test
apisr154;test;apipp154;test;apivvb154;test
apisr155;test;apipp155;test;apivvb155;test
apisr156;test;apipp156;test;apivvb156;test
apisr157;test;apipp157;test;apivvb157;test
apisr158;test;apipp158;test;apivvb158;test
apisr159;test;apipp159;test;apivvb159;test
apisr160;test;apipp160;test;apivvb160;test
apisr161;test;apipp161;test;apivvb161;test
apisr162;test;apipp162;test;apivvb162;test
apisr163;test;apipp163;test;apivvb163;test
apisr164;test;apipp164;test;apivvb164;test
apisr165;test;apipp165;test;apivvb165;test
apisr166;test;apipp166;test;apivvb166;test
apisr167;test;apipp167;test;apivvb167;test
apisr168;test;apipp168;test;apivvb168;test
apisr169;test;apipp169;test;apivvb169;test
apisr170;test;apipp170;test;apivvb170;test
apisr171;test;apipp171;test;apivvb171;test
apisr172;test;apipp172;test;apivvb172;test
apisr173;test;apipp173;test;apivvb173;test
apisr174;test;apipp174;test;apivvb174;test
apisr175;test;apipp175;test;apivvb175;test
apisr176;test;apipp176;test;apivvb176;test
apisr177;test;apipp177;test;apivvb177;test
apisr178;test;apipp178;test;apivvb178;test
apisr179;test;apipp179;test;apivvb179;test
apisr180;test;apipp180;test;apivvb180;test
apisr181;test;apipp181;test;apivvb181;test
apisr182;test;apipp182;test;apivvb182;test
apisr183;test;apipp183;test;apivvb183;test
apisr184;test;apipp184;test;apivvb184;test
apisr185;test;apipp185;test;apivvb185;test
apisr186;test;apipp186;test;apivvb186;test
apisr187;test;apipp187;test;apivvb187;test
apisr188;test;apipp188;test;apivvb188;test
apisr189;test;apipp189;test;apivvb189;test
apisr190;test;apipp190;test;apivvb190;test
apisr191;test;apipp191;test;apivvb191;test
apisr192;test;apipp192;test;apivvb192;test
apisr193;test;apipp193;test;apivvb193;test
apisr194;test;apipp194;test;apivvb194;test
apisr195;test;apipp195;test;apivvb195;test
apisr196;test;apipp196;test;apivvb196;test
apisr197;test;apipp197;test;apivvb197;test
apisr198;test;apipp198;test;apivvb198;test
apisr199;test;apipp199;test;apivvb199;test
apisr200;test;apipp200;test;apivvb200;test
apisr201;test;apipp201;test;apivvb201;test
apisr202;test;apipp202;test;apivvb202;test
apisr203;test;apipp203;test;apivvb203;test
apisr204;test;apipp204;test;apivvb204;test
apisr205;test;apipp205;test;apivvb205;test
apisr206;test;apipp206;test;apivvb206;test
apisr207;test;apipp207;test;apivvb207;test
apisr208;test;apipp208;test;apivvb208;test
apisr209;test;apipp209;test;apivvb209;test
apisr210;test;apipp210;test;apivvb210;test
apisr211;test;apipp211;test;apivvb211;test
apisr212;test;apipp212;test;apivvb212;test
apisr213;test;apipp213;test;apivvb213;test
apisr214;test;apipp214;test;apivvb214;test
apisr215;test;apipp215;test;apivvb215;test
apisr216;test;apipp216;test;apivvb216;test
apisr217;test;apipp217;test;apivvb217;test
apisr218;test;apipp218;test;apivvb218;test
apisr219;test;apipp219;test;apivvb219;test
apisr220;test;apipp220;test;apivvb220;test
apisr221;test;apipp221;test;apivvb221;test
apisr222;test;apipp222;test;apivvb222;test
apisr223;test;apipp223;test;apivvb223;test
apisr224;test;apipp224;test;apivvb224;test
apisr225;test;apipp225;test;apivvb225;test
apisr226;test;apipp226;test;apivvb226;test
apisr227;test;apipp227;test;apivvb227;test
apisr228;test;apipp228;test;apivvb228;test
apisr229;test;apipp229;test;apivvb229;test
apisr230;test;apipp230;test;apivvb230;test
apisr231;test;apipp231;test;apivvb231;test
apisr232;test;apipp232;test;apivvb232;test
apisr233;test;apipp233;test;apivvb233;test
apisr234;test;apipp234;test;apivvb234;test
apisr235;test;apipp235;test;apivvb235;test
apisr236;test;apipp236;test;apivvb236;test
apisr237;test;apipp237;test;apivvb237;test
apisr238;test;apipp238;test;apivvb238;test
apisr239;test;apipp239;test;apivvb239;test
apisr240;test;apipp240;test;apivvb240;test
apisr241;test;apipp241;test;apivvb241;test
apisr242;test;apipp242;test;apivvb242;test
apisr243;test;apipp243;test;apivvb243;test
apisr244;test;apipp244;test;apivvb244;test
apisr245;test;apipp245;test;apivvb245;test
apisr246;test;apipp246;test;apivvb246;test
apisr247;test;apipp247;test;apivvb247;test
apisr248;test;apipp248;test;apivvb248;test
apisr249;test;apipp249;test;apivvb249;test
apisr250;test;apipp250;test;apivvb250;test
apisr251;test;apipp251;test;apivvb251;test
apisr252;test;apipp252;test;apivvb252;test
apisr253;test;apipp253;test;apivvb253;test
apisr254;test;apipp254;test;apivvb254;test
apisr255;test;apipp255;test;apivvb255;test
apisr256;test;apipp256;test;apivvb256;test
apisr257;test;apipp257;test;apivvb257;test
apisr258;test;apipp258;test;apivvb258;test
apisr259;test;apipp259;test;apivvb259;test
apisr260;test;apipp260;test;apivvb260;test
apisr261;test;apipp261;test;apivvb261;test
apisr262;test;apipp262;test;apivvb262;test
apisr263;test;apipp263;test;apivvb263;test
apisr264;test;apipp264;test;apivvb264;test
apisr265;test;apipp265;test;apivvb265;test
apisr266;test;apipp266;test;apivvb266;test
apisr267;test;apipp267;test;apivvb267;test
apisr268;test;apipp268;test;apivvb268;test
apisr269;test;apipp269;test;apivvb269;test
apisr270;test;apipp270;test;apivvb270;test
apisr271;test;apipp271;test;apivvb271;test
apisr272;test;apipp272;test;apivvb272;test
apisr273;test;apipp273;test;apivvb273;test
apisr274;test;apipp274;test;apivvb274;test
apisr275;test;apipp275;test;apivvb275;test
apisr276;test;apipp276;test;apivvb276;test
apisr277;test;apipp277;test;apivvb277;test
apisr278;test;apipp278;test;apivvb278;test
apisr279;test;apipp279;test;apivvb279;test
apisr280;test;apipp280;test;apivvb280;test
apisr281;test;apipp281;test;apivvb281;test
apisr282;test;apipp282;test;apivvb282;test
apisr283;test;apipp283;test;apivvb283;test
apisr284;test;apipp284;test;apivvb284;test
apisr285;test;apipp285;test;apivvb285;test
apisr286;test;apipp286;test;apivvb286;test
apisr287;test;apipp287;test;apivvb287;test
apisr288;test;apipp288;test;apivvb288;test
apisr289;test;apipp289;test;apivvb289;test
apisr290;test;apipp290;test;apivvb290;test
apisr291;test;apipp291;test;apivvb291;test
apisr292;test;apipp292;test;apivvb292;test
apisr293;test;apipp293;test;apivvb293;test
apisr294;test;apipp294;test;apivvb294;test
apisr295;test;apipp295;test;apivvb295;test
apisr296;test;apipp296;test;apivvb296;test
apisr297;test;apipp297;test;apivvb297;test
apisr298;test;apipp298;test;apivvb298;test
apisr299;test;apipp299;test;apivvb299;test
apisr300;test;apipp300;test;apivvb300;test
apisr301;test;apipp301;test;apivvb301;test
apisr302;test;apipp302;test;apivvb302;test
apisr303;test;apipp303;test;apivvb303;test
apisr304;test;apipp304;test;apivvb304;test
apisr305;test;apipp305;test;apivvb305;test
apisr306;test;apipp306;test;apivvb306;test
apisr307;test;apipp307;test;apivvb307;test
apisr308;test;apipp308;test;apivvb308;test
apisr309;test;apipp309;test;apivvb309;test
apisr310;test;apipp310;test;apivvb310;test
apisr311;test;apipp311;test;apivvb311;test
apisr312;test;apipp312;test;apivvb312;test
apisr313;test;apipp313;test;apivvb313;test
apisr314;test;apipp314;test;apivvb314;test
apisr315;test;apipp315;test;apivvb315;test
apisr316;test;apipp316;test;apivvb316;test
apisr317;test;apipp317;test;apivvb317;test
apisr318;test;apipp318;test;apivvb318;test
apisr319;test;apipp319;test;apivvb319;test
apisr320;test;apipp320;test;apivvb320;test
apisr321;test;apipp321;test;apivvb321;test
apisr322;test;apipp322;test;apivvb322;test
apisr323;test;apipp323;test;apivvb323;test
apisr324;test;apipp324;test;apivvb324;test
apisr325;test;apipp325;test;apivvb325;test
apisr326;test;apipp326;test;apivvb326;test
apisr327;test;apipp327;test;apivvb327;test
apisr328;test;apipp328;test;apivvb328;test
apisr329;test;apipp329;test;apivvb329;test
apisr330;test;apipp330;test;apivvb330;test
apisr331;test;apipp331;test;apivvb331;test
apisr332;test;apipp332;test;apivvb332;test
apisr333;test;apipp333;test;apivvb333;test
apisr334;test;apipp334;test;apivvb334;test
apisr335;test;apipp335;test;apivvb335;test
apisr336;test;apipp336;test;apivvb336;test
apisr337;test;apipp337;test;apivvb337;test
apisr338;test;apipp338;test;apivvb338;test
apisr339;test;apipp339;test;apivvb339;test
apisr340;test;apipp340;test;apivvb340;test
apisr341;test;apipp341;test;apivvb341;test
apisr342;test;apipp342;test;apivvb342;test
apisr343;test;apipp343;test;apivvb343;test
apisr344;test;apipp344;test;apivvb344;test
apisr345;test;apipp345;test;apivvb345;test
apisr346;test;apipp346;test;apivvb346;test
apisr347;test;apipp347;test;apivvb347;test
apisr348;test;apipp348;test;apivvb348;test
apisr349;test;apipp349;test;apivvb349;test
apisr350;test;apipp350;test;apivvb350;test
apisr351;test;apipp351;test;apivvb351;test
apisr352;test;apipp352;test;apivvb352;test
apisr353;test;apipp353;test;apivvb353;test
apisr354;test;apipp354;test;apivvb354;test
apisr355;test;apipp355;test;apivvb355;test
apisr356;test;apipp356;test;apivvb356;test
apisr357;test;apipp357;test;apivvb357;test
apisr358;test;apipp358;test;apivvb358;test
apisr359;test;apipp359;test;apivvb359;test
apisr360;test;apipp360;test;apivvb360;test
apisr361;test;apipp361;test;apivvb361;test
apisr362;test;apipp362;test;apivvb362;test
apisr363;test;apipp363;test;apivvb363;test
apisr364;test;apipp364;test;apivvb364;test
apisr365;test;apipp365;test;apivvb365;test
apisr366;test;apipp366;test;apivvb366;test
apisr367;test;apipp367;test;apivvb367;test
apisr368;test;apipp368;test;apivvb368;test
apisr369;test;apipp369;test;apivvb369;test
apisr370;test;apipp370;test;apivvb370;test
apisr371;test;apipp371;test;apivvb371;test
apisr372;test;apipp372;test;apivvb372;test
apisr373;test;apipp373;test;apivvb373;test
apisr374;test;apipp374;test;apivvb374;test
apisr375;test;apipp375;test;apivvb375;test
apisr376;test;apipp376;test;apivvb376;test
apisr377;test;apipp377;test;apivvb377;test
apisr378;test;apipp378;test;apivvb378;test
apisr379;test;apipp379;test;apivvb379;test
apisr380;test;apipp380;test;apivvb380;test
apisr381;test;apipp381;test;apivvb381;test
apisr382;test;apipp382;test;apivvb382;test
apisr383;test;apipp383;test;apivvb383;test
apisr384;test;apipp384;test;apivvb384;test
apisr385;test;apipp385;test;apivvb385;test
apisr386;test;apipp386;test;apivvb386;test
apisr387;test;apipp387;test;apivvb387;test
apisr388;test;apipp388;test;apivvb388;test
apisr389;test;apipp389;test;apivvb389;test
apisr390;test;apipp390;test;apivvb390;test
apisr391;test;apipp391;test;apivvb391;test
apisr392;test;apipp392;test;apivvb392;test
apisr393;test;apipp393;test;apivvb393;test
apisr394;test;apipp394;test;apivvb394;test
apisr395;test;apipp395;test;apivvb395;test
apisr396;test;apipp396;test;apivvb396;test
apisr397;test;apipp397;test;apivvb397;test
apisr398;test;apipp398;test;apivvb398;test
apisr399;test;apipp399;test;apivvb399;test
apisr400;test;apipp400;test;apivvb400;test
apisr401;test;apipp401;test;apivvb401;test
apisr402;test;apipp402;test;apivvb402;test
apisr403;test;apipp403;test;apivvb403;test
apisr404;test;apipp404;test;apivvb404;test
apisr405;test;apipp405;test;apivvb405;test
apisr406;test;apipp406;test;apivvb406;test
apisr407;test;apipp407;test;apivvb407;test
apisr408;test;apipp408;test;apivvb408;test
apisr409;test;apipp409;test;apivvb409;test
apisr410;test;apipp410;test;apivvb410;test
apisr411;test;apipp411;test;apivvb411;test
apisr412;test;apipp412;test;apivvb412;test
apisr413;test;apipp413;test;apivvb413;test
apisr414;test;apipp414;test;apivvb414;test
apisr415;test;apipp415;test;apivvb415;test
apisr416;test;apipp416;test;apivvb416;test
apisr417;test;apipp417;test;apivvb417;test
apisr418;test;apipp418;test;apivvb418;test
apisr419;test;apipp419;test;apivvb419;test
apisr420;test;apipp420;test;apivvb420;test
apisr421;test;apipp421;test;apivvb421;test
apisr422;test;apipp422;test;apivvb422;test
apisr423;test;apipp423;test;apivvb423;test
apisr424;test;apipp424;test;apivvb424;test
apisr425;test;apipp425;test;apivvb425;test
apisr426;test;apipp426;test;apivvb426;test
apisr427;test;apipp427;test;apivvb427;test
apisr428;test;apipp428;test;apivvb428;test
apisr429;test;apipp429;test;apivvb429;test
apisr430;test;apipp430;test;apivvb430;test
apisr431;test;apipp431;test;apivvb431;test
apisr432;test;apipp432;test;apivvb432;test
apisr433;test;apipp433;test;apivvb433;test
apisr434;test;apipp434;test;apivvb434;test
apisr435;test;apipp435;test;apivvb435;test
apisr436;test;apipp436;test;apivvb436;test
apisr437;test;apipp437;test;apivvb437;test
apisr438;test;apipp438;test;apivvb438;test
apisr439;test;apipp439;test;apivvb439;test
apisr440;test;apipp440;test;apivvb440;test
apisr441;test;apipp441;test;apivvb441;test
apisr442;test;apipp442;test;apivvb442;test
apisr443;test;apipp443;test;apivvb443;test
apisr444;test;apipp444;test;apivvb444;test
apisr445;test;apipp445;test;apivvb445;test
apisr446;test;apipp446;test;apivvb446;test
apisr447;test;apipp447;test;apivvb447;test
apisr448;test;apipp448;test;apivvb448;test
apisr449;test;apipp449;test;apivvb449;test
apisr450;test;apipp450;test;apivvb450;test
apisr451;test;apipp451;test;apivvb451;test
apisr452;test;apipp452;test;apivvb452;test
apisr453;test;apipp453;test;apivvb453;test
apisr454;test;apipp454;test;apivvb454;test
apisr455;test;apipp455;test;apivvb455;test
apisr456;test;apipp456;test;apivvb456;test
apisr457;test;apipp457;test;apivvb457;test
apisr458;test;apipp458;test;apivvb458;test
apisr459;test;apipp459;test;apivvb459;test
apisr460;test;apipp460;test;apivvb460;test
apisr461;test;apipp461;test;apivvb461;test
apisr462;test;apipp462;test;apivvb462;test
apisr463;test;apipp463;test;apivvb463;test
apisr464;test;apipp464;test;apivvb464;test
apisr465;test;apipp465;test;apivvb465;test
apisr466;test;apipp466;test;apivvb466;test
apisr467;test;apipp467;test;apivvb467;test
apisr468;test;apipp468;test;apivvb468;test
apisr469;test;apipp469;test;apivvb469;test
apisr470;test;apipp470;test;apivvb470;test
apisr471;test;apipp471;test;apivvb471;test
apisr472;test;apipp472;test;apivvb472;test
apisr473;test;apipp473;test;apivvb473;test
apisr474;test;apipp474;test;apivvb474;test
apisr475;test;apipp475;test;apivvb475;test
apisr476;test;apipp476;test;apivvb476;test
apisr477;test;apipp477;test;apivvb477;test
apisr478;test;apipp478;test;apivvb478;test
apisr479;test;apipp479;test;apivvb479;test
apisr480;test;apipp480;test;apivvb480;test
apisr481;test;apipp481;test;apivvb481;test
apisr482;test;apipp482;test;apivvb482;test
apisr483;test;apipp483;test;apivvb483;test
apisr484;test;apipp484;test;apivvb484;test
apisr485;test;apipp485;test;apivvb485;test
apisr486;test;apipp486;test;apivvb486;test
apisr487;test;apipp487;test;apivvb487;test
apisr488;test;apipp488;test;apivvb488;test
apisr489;test;apipp489;test;apivvb489;test
apisr490;test;apipp490;test;apivvb490;test
apisr491;test;apipp491;test;apivvb491;test
apisr492;test;apipp492;test;apivvb492;test
apisr493;test;apipp493;test;apivvb493;test
apisr494;test;apipp494;test;apivvb494;test
apisr495;test;apipp495;test;apivvb495;test
apisr496;test;apipp496;test;apivvb496;test
apisr497;test;apipp497;test;apivvb497;test
apisr498;test;apipp498;test;apivvb498;test
apisr499;test;apipp499;test;apivvb499;test
apisr500;test;apipp500;test;apivvb500;test
apisr501;test;apipp501;test;apivvb501;test
apisr502;test;apipp502;test;apivvb502;test
apisr503;test;apipp503;test;apivvb503;test
apisr504;test;apipp504;test;apivvb504;test
apisr505;test;apipp505;test;apivvb505;test
apisr506;test;apipp506;test;apivvb506;test
apisr507;test;apipp507;test;apivvb507;test
apisr508;test;apipp508;test;apivvb508;test
apisr509;test;apipp509;test;apivvb509;test
apisr510;test;apipp510;test;apivvb510;test
apisr511;test;apipp511;test;apivvb511;test
apisr512;test;apipp512;test;apivvb512;test
apisr513;test;apipp513;test;apivvb513;test
apisr514;test;apipp514;test;apivvb514;test
apisr515;test;apipp515;test;apivvb515;test
apisr516;test;apipp516;test;apivvb516;test
apisr517;test;apipp517;test;apivvb517;test
apisr518;test;apipp518;test;apivvb518;test
apisr519;test;apipp519;test;apivvb519;test
apisr520;test;apipp520;test;apivvb520;test
apisr521;test;apipp521;test;apivvb521;test
apisr522;test;apipp522;test;apivvb522;test
apisr523;test;apipp523;test;apivvb523;test
apisr524;test;apipp524;test;apivvb524;test
apisr525;test;apipp525;test;apivvb525;test
apisr526;test;apipp526;test;apivvb526;test
apisr527;test;apipp527;test;apivvb527;test
apisr528;test;apipp528;test;apivvb528;test
apisr529;test;apipp529;test;apivvb529;test
apisr530;test;apipp530;test;apivvb530;test
apisr531;test;apipp531;test;apivvb531;test
apisr532;test;apipp532;test;apivvb532;test
apisr533;test;apipp533;test;apivvb533;test
apisr534;test;apipp534;test;apivvb534;test
apisr535;test;apipp535;test;apivvb535;test
apisr536;test;apipp536;test;apivvb536;test
apisr537;test;apipp537;test;apivvb537;test
apisr538;test;apipp538;test;apivvb538;test
apisr539;test;apipp539;test;apivvb539;test
apisr540;test;apipp540;test;apivvb540;test
apisr541;test;apipp541;test;apivvb541;test
apisr542;test;apipp542;test;apivvb542;test
apisr543;test;apipp543;test;apivvb543;test
apisr544;test;apipp544;test;apivvb544;test
apisr545;test;apipp545;test;apivvb545;test
apisr546;test;apipp546;test;apivvb546;test
apisr547;test;apipp547;test;apivvb547;test
apisr548;test;apipp548;test;apivvb548;test
apisr549;test;apipp549;test;apivvb549;test
apisr550;test;apipp550;test;apivvb550;test
apisr551;test;apipp551;test;apivvb551;test
apisr552;test;apipp552;test;apivvb552;test
apisr553;test;apipp553;test;apivvb553;test
apisr554;test;apipp554;test;apivvb554;test
apisr555;test;apipp555;test;apivvb555;test
apisr556;test;apipp556;test;apivvb556;test
apisr557;test;apipp557;test;apivvb557;test
apisr558;test;apipp558;test;apivvb558;test
apisr559;test;apipp559;test;apivvb559;test
apisr560;test;apipp560;test;apivvb560;test
apisr561;test;apipp561;test;apivvb561;test
apisr562;test;apipp562;test;apivvb562;test
apisr563;test;apipp563;test;apivvb563;test
apisr564;test;apipp564;test;apivvb564;test
apisr565;test;apipp565;test;apivvb565;test
apisr566;test;apipp566;test;apivvb566;test
apisr567;test;apipp567;test;apivvb567;test
apisr568;test;apipp568;test;apivvb568;test
apisr569;test;apipp569;test;apivvb569;test
apisr570;test;apipp570;test;apivvb570;test
apisr571;test;apipp571;test;apivvb571;test
apisr572;test;apipp572;test;apivvb572;test
apisr573;test;apipp573;test;apivvb573;test
apisr574;test;apipp574;test;apivvb574;test
apisr575;test;apipp575;test;apivvb575;test
apisr576;test;apipp576;test;apivvb576;test
apisr577;test;apipp577;test;apivvb577;test
apisr578;test;apipp578;test;apivvb578;test
apisr579;test;apipp579;test;apivvb579;test
apisr580;test;apipp580;test;apivvb580;test
apisr581;test;apipp581;test;apivvb581;test
apisr582;test;apipp582;test;apivvb582;test
apisr583;test;apipp583;test;apivvb583;test
apisr584;test;apipp584;test;apivvb584;test
apisr585;test;apipp585;test;apivvb585;test
apisr586;test;apipp586;test;apivvb586;test
apisr587;test;apipp587;test;apivvb587;test
apisr588;test;apipp588;test;apivvb588;test
apisr589;test;apipp589;test;apivvb589;test
apisr590;test;apipp590;test;apivvb590;test
apisr591;test;apipp591;test;apivvb591;test
apisr592;test;apipp592;test;apivvb592;test
apisr593;test;apipp593;test;apivvb593;test
apisr594;test;apipp594;test;apivvb594;test
apisr595;test;apipp595;test;apivvb595;test
apisr596;test;apipp596;test;apivvb596;test
apisr597;test;apipp597;test;apivvb597;test
apisr598;test;apipp598;test;apivvb598;test
apisr599;test;apipp599;test;apivvb599;test
apisr600;test;apipp600;test;apivvb600;test
apisr601;test;apipp601;test;apivvb601;test
apisr602;test;apipp602;test;apivvb602;test
apisr603;test;apipp603;test;apivvb603;test
apisr604;test;apipp604;test;apivvb604;test
apisr605;test;apipp605;test;apivvb605;test
apisr606;test;apipp606;test;apivvb606;test
apisr607;test;apipp607;test;apivvb607;test
apisr608;test;apipp608;test;apivvb608;test
apisr609;test;apipp609;test;apivvb609;test
apisr610;test;apipp610;test;apivvb610;test
apisr611;test;apipp611;test;apivvb611;test
apisr612;test;apipp612;test;apivvb612;test
apisr613;test;apipp613;test;apivvb613;test
apisr614;test;apipp614;test;apivvb614;test
apisr615;test;apipp615;test;apivvb615;test
apisr616;test;apipp616;test;apivvb616;test
apisr617;test;apipp617;test;apivvb617;test
apisr618;test;apipp618;test;apivvb618;test
apisr619;test;apipp619;test;apivvb619;test
apisr620;test;apipp620;test;apivvb620;test
apisr621;test;apipp621;test;apivvb621;test
apisr622;test;apipp622;test;apivvb622;test
apisr623;test;apipp623;test;apivvb623;test
apisr624;test;apipp624;test;apivvb624;test
apisr625;test;apipp625;test;apivvb625;test
apisr626;test;apipp626;test;apivvb626;test
apisr627;test;apipp627;test;apivvb627;test
apisr628;test;apipp628;test;apivvb628;test
apisr629;test;apipp629;test;apivvb629;test
apisr630;test;apipp630;test;apivvb630;test
apisr631;test;apipp631;test;apivvb631;test
apisr632;test;apipp632;test;apivvb632;test
apisr633;test;apipp633;test;apivvb633;test
apisr634;test;apipp634;test;apivvb634;test
apisr635;test;apipp635;test;apivvb635;test
apisr636;test;apipp636;test;apivvb636;test
apisr637;test;apipp637;test;apivvb637;test
apisr638;test;apipp638;test;apivvb638;test
apisr639;test;apipp639;test;apivvb639;test
apisr640;test;apipp640;test;apivvb640;test
apisr641;test;apipp641;test;apivvb641;test
apisr642;test;apipp642;test;apivvb642;test
apisr643;test;apipp643;test;apivvb643;test
apisr644;test;apipp644;test;apivvb644;test
apisr645;test;apipp645;test;apivvb645;test
apisr646;test;apipp646;test;apivvb646;test
apisr647;test;apipp647;test;apivvb647;test
apisr648;test;apipp648;test;apivvb648;test
apisr649;test;apipp649;test;apivvb649;test
apisr650;test;apipp650;test;apivvb650;test
apisr651;test;apipp651;test;apivvb651;test
apisr652;test;apipp652;test;apivvb652;test
apisr653;test;apipp653;test;apivvb653;test
apisr654;test;apipp654;test;apivvb654;test
apisr655;test;apipp655;test;apivvb655;test
apisr656;test;apipp656;test;apivvb656;test
apisr657;test;apipp657;test;apivvb657;test
apisr658;test;apipp658;test;apivvb658;test
apisr659;test;apipp659;test;apivvb659;test
apisr660;test;apipp660;test;apivvb660;test
apisr661;test;apipp661;test;apivvb661;test
apisr662;test;apipp662;test;apivvb662;test
apisr663;test;apipp663;test;apivvb663;test
apisr664;test;apipp664;test;apivvb664;test
apisr665;test;apipp665;test;apivvb665;test
apisr666;test;apipp666;test;apivvb666;test
apisr667;test;apipp667;test;apivvb667;test
apisr668;test;apipp668;test;apivvb668;test
apisr669;test;apipp669;test;apivvb669;test
apisr670;test;apipp670;test;apivvb670;test
apisr671;test;apipp671;test;apivvb671;test
apisr672;test;apipp672;test;apivvb672;test
apisr673;test;apipp673;test;apivvb673;test
apisr674;test;apipp674;test;apivvb674;test
apisr675;test;apipp675;test;apivvb675;test
apisr676;test;apipp676;test;apivvb676;test
apisr677;test;apipp677;test;apivvb677;test
apisr678;test;apipp678;test;apivvb678;test
apisr679;test;apipp679;test;apivvb679;test
apisr680;test;apipp680;test;apivvb680;test
apisr681;test;apipp681;test;apivvb681;test
apisr682;test;apipp682;test;apivvb682;test
apisr683;test;apipp683;test;apivvb683;test
apisr684;test;apipp684;test;apivvb684;test
apisr685;test;apipp685;test;apivvb685;test
apisr686;test;apipp686;test;apivvb686;test
apisr687;test;apipp687;test;apivvb687;test
apisr688;test;apipp688;test;apivvb688;test
apisr689;test;apipp689;test;apivvb689;test
apisr690;test;apipp690;test;apivvb690;test
apisr691;test;apipp691;test;apivvb691;test
apisr692;test;apipp692;test;apivvb692;test
apisr693;test;apipp693;test;apivvb693;test
apisr694;test;apipp694;test;apivvb694;test
apisr695;test;apipp695;test;apivvb695;test
apisr696;test;apipp696;test;apivvb696;test
apisr697;test;apipp697;test;apivvb697;test
apisr698;test;apipp698;test;apivvb698;test
apisr699;test;apipp699;test;apivvb699;test
apisr700;test;apipp700;test;apivvb700;test
apisr701;test;apipp701;test;apivvb701;test
apisr702;test;apipp702;test;apivvb702;test
apisr703;test;apipp703;test;apivvb703;test
apisr704;test;apipp704;test;apivvb704;test
apisr705;test;apipp705;test;apivvb705;test
apisr706;test;apipp706;test;apivvb706;test
apisr707;test;apipp707;test;apivvb707;test
apisr708;test;apipp708;test;apivvb708;test
apisr709;test;apipp709;test;apivvb709;test
apisr710;test;apipp710;test;apivvb710;test
apisr711;test;apipp711;test;apivvb711;test
apisr712;test;apipp712;test;apivvb712;test
apisr713;test;apipp713;test;apivvb713;test
apisr714;test;apipp714;test;apivvb714;test
apisr715;test;apipp715;test;apivvb715;test
apisr716;test;apipp716;test;apivvb716;test
apisr717;test;apipp717;test;apivvb717;test
apisr718;test;apipp718;test;apivvb718;test
apisr719;test;apipp719;test;apivvb719;test
apisr720;test;apipp720;test;apivvb720;test
apisr721;test;apipp721;test;apivvb721;test
apisr722;test;apipp722;test;apivvb722;test
apisr723;test;apipp723;test;apivvb723;test
apisr724;test;apipp724;test;apivvb724;test
apisr725;test;apipp725;test;apivvb725;test
apisr726;test;apipp726;test;apivvb726;test
apisr727;test;apipp727;test;apivvb727;test
apisr728;test;apipp728;test;apivvb728;test
apisr729;test;apipp729;test;apivvb729;test
apisr730;test;apipp730;test;apivvb730;test
apisr731;test;apipp731;test;apivvb731;test
apisr732;test;apipp732;test;apivvb732;test
apisr733;test;apipp733;test;apivvb733;test
apisr734;test;apipp734;test;apivvb734;test
apisr735;test;apipp735;test;apivvb735;test
apisr736;test;apipp736;test;apivvb736;test
apisr737;test;apipp737;test;apivvb737;test
apisr738;test;apipp738;test;apivvb738;test
apisr739;test;apipp739;test;apivvb739;test
apisr740;test;apipp740;test;apivvb740;test
apisr741;test;apipp741;test;apivvb741;test
apisr742;test;apipp742;test;apivvb742;test
apisr743;test;apipp743;test;apivvb743;test
apisr744;test;apipp744;test;apivvb744;test
apisr745;test;apipp745;test;apivvb745;test
apisr746;test;apipp746;test;apivvb746;test
apisr747;test;apipp747;test;apivvb747;test
apisr748;test;apipp748;test;apivvb748;test
apisr749;test;apipp749;test;apivvb749;test
apisr750;test;apipp750;test;apivvb750;test
apisr751;test;apipp751;test;apivvb751;test
apisr752;test;apipp752;test;apivvb752;test
apisr753;test;apipp753;test;apivvb753;test
apisr754;test;apipp754;test;apivvb754;test
apisr755;test;apipp755;test;apivvb755;test
apisr756;test;apipp756;test;apivvb756;test
apisr757;test;apipp757;test;apivvb757;test
apisr758;test;apipp758;test;apivvb758;test
apisr759;test;apipp759;test;apivvb759;test
apisr760;test;apipp760;test;apivvb760;test
apisr761;test;apipp761;test;apivvb761;test
apisr762;test;apipp762;test;apivvb762;test
apisr763;test;apipp763;test;apivvb763;test
apisr764;test;apipp764;test;apivvb764;test
apisr765;test;apipp765;test;apivvb765;test
apisr766;test;apipp766;test;apivvb766;test
apisr767;test;apipp767;test;apivvb767;test
apisr768;test;apipp768;test;apivvb768;test
apisr769;test;apipp769;test;apivvb769;test
apisr770;test;apipp770;test;apivvb770;test
apisr771;test;apipp771;test;apivvb771;test
apisr772;test;apipp772;test;apivvb772;test
apisr773;test;apipp773;test;apivvb773;test
apisr774;test;apipp774;test;apivvb774;test
apisr775;test;apipp775;test;apivvb775;test
apisr776;test;apipp776;test;apivvb776;test
apisr777;test;apipp777;test;apivvb777;test
apisr778;test;apipp778;test;apivvb778;test
apisr779;test;apipp779;test;apivvb779;test
apisr780;test;apipp780;test;apivvb780;test
apisr781;test;apipp781;test;apivvb781;test
apisr782;test;apipp782;test;apivvb782;test
apisr783;test;apipp783;test;apivvb783;test
apisr784;test;apipp784;test;apivvb784;test
apisr785;test;apipp785;test;apivvb785;test
apisr786;test;apipp786;test;apivvb786;test
apisr787;test;apipp787;test;apivvb787;test
apisr788;test;apipp788;test;apivvb788;test
apisr789;test;apipp789;test;apivvb789;test
apisr790;test;apipp790;test;apivvb790;test
apisr791;test;apipp791;test;apivvb791;test
apisr792;test;apipp792;test;apivvb792;test
apisr793;test;apipp793;test;apivvb793;test
apisr794;test;apipp794;test;apivvb794;test
apisr795;test;apipp795;test;apivvb795;test
apisr796;test;apipp796;test;apivvb796;test
apisr797;test;apipp797;test;apivvb797;test
apisr798;test;apipp798;test;apivvb798;test
apisr799;test;apipp799;test;apivvb799;test
apisr800;test;apipp800;test;apivvb800;test
apisr801;test;apipp801;test;apivvb801;test
apisr802;test;apipp802;test;apivvb802;test
apisr803;test;apipp803;test;apivvb803;test
apisr804;test;apipp804;test;apivvb804;test
apisr805;test;apipp805;test;apivvb805;test
apisr806;test;apipp806;test;apivvb806;test
apisr807;test;apipp807;test;apivvb807;test
apisr808;test;apipp808;test;apivvb808;test
apisr809;test;apipp809;test;apivvb809;test
apisr810;test;apipp810;test;apivvb810;test
apisr811;test;apipp811;test;apivvb811;test
apisr812;test;apipp812;test;apivvb812;test
apisr813;test;apipp813;test;apivvb813;test
apisr814;test;apipp814;test;apivvb814;test
apisr815;test;apipp815;test;apivvb815;test
apisr816;test;apipp816;test;apivvb816;test
apisr817;test;apipp817;test;apivvb817;test
apisr818;test;apipp818;test;apivvb818;test
apisr819;test;apipp819;test;apivvb819;test
apisr820;test;apipp820;test;apivvb820;test
apisr821;test;apipp821;test;apivvb821;test
apisr822;test;apipp822;test;apivvb822;test
apisr823;test;apipp823;test;apivvb823;test
apisr824;test;apipp824;test;apivvb824;test
apisr825;test;apipp825;test;apivvb825;test
apisr826;test;apipp826;test;apivvb826;test
apisr827;test;apipp827;test;apivvb827;test
apisr828;test;apipp828;test;apivvb828;test
apisr829;test;apipp829;test;apivvb829;test
apisr830;test;apipp830;test;apivvb830;test
apisr831;test;apipp831;test;apivvb831;test
apisr832;test;apipp832;test;apivvb832;test
apisr833;test;apipp833;test;apivvb833;test
apisr834;test;apipp834;test;apivvb834;test
apisr835;test;apipp835;test;apivvb835;test
apisr836;test;apipp836;test;apivvb836;test
apisr837;test;apipp837;test;apivvb837;test
apisr838;test;apipp838;test;apivvb838;test
apisr839;test;apipp839;test;apivvb839;test
apisr840;test;apipp840;test;apivvb840;test
apisr841;test;apipp841;test;apivvb841;test
apisr842;test;apipp842;test;apivvb842;test
apisr843;test;apipp843;test;apivvb843;test
apisr844;test;apipp844;test;apivvb844;test
apisr845;test;apipp845;test;apivvb845;test
apisr846;test;apipp846;test;apivvb846;test
apisr847;test;apipp847;test;apivvb847;test
apisr848;test;apipp848;test;apivvb848;test
apisr849;test;apipp849;test;apivvb849;test
apisr850;test;apipp850;test;apivvb850;test
apisr851;test;apipp851;test;apivvb851;test
apisr852;test;apipp852;test;apivvb852;test
apisr853;test;apipp853;test;apivvb853;test
apisr854;test;apipp854;test;apivvb854;test
apisr855;test;apipp855;test;apivvb855;test
apisr856;test;apipp856;test;apivvb856;test
apisr857;test;apipp857;test;apivvb857;test
apisr858;test;apipp858;test;apivvb858;test
apisr859;test;apipp859;test;apivvb859;test
apisr860;test;apipp860;test;apivvb860;test
apisr861;test;apipp861;test;apivvb861;test
apisr862;test;apipp862;test;apivvb862;test
apisr863;test;apipp863;test;apivvb863;test
apisr864;test;apipp864;test;apivvb864;test
apisr865;test;apipp865;test;apivvb865;test
apisr866;test;apipp866;test;apivvb866;test
apisr867;test;apipp867;test;apivvb867;test
apisr868;test;apipp868;test;apivvb868;test
apisr869;test;apipp869;test;apivvb869;test
apisr870;test;apipp870;test;apivvb870;test
apisr871;test;apipp871;test;apivvb871;test
apisr872;test;apipp872;test;apivvb872;test
apisr873;test;apipp873;test;apivvb873;test
apisr874;test;apipp874;test;apivvb874;test
apisr875;test;apipp875;test;apivvb875;test
apisr876;test;apipp876;test;apivvb876;test
apisr877;test;apipp877;test;apivvb877;test
apisr878;test;apipp878;test;apivvb878;test
apisr879;test;apipp879;test;apivvb879;test
apisr880;test;apipp880;test;apivvb880;test
apisr881;test;apipp881;test;apivvb881;test
apisr882;test;apipp882;test;apivvb882;test
apisr883;test;apipp883;test;apivvb883;test
apisr884;test;apipp884;test;apivvb884;test
apisr885;test;apipp885;test;apivvb885;test
apisr886;test;apipp886;test;apivvb886;test
apisr887;test;apipp887;test;apivvb887;test
apisr888;test;apipp888;test;apivvb888;test
apisr889;test;apipp889;test;apivvb889;test
apisr890;test;apipp890;test;apivvb890;test
apisr891;test;apipp891;test;apivvb891;test
apisr892;test;apipp892;test;apivvb892;test
apisr893;test;apipp893;test;apivvb893;test
apisr894;test;apipp894;test;apivvb894;test
apisr895;test;apipp895;test;apivvb895;test
apisr896;test;apipp896;test;apivvb896;test
apisr897;test;apipp897;test;apivvb897;test
apisr898;test;apipp898;test;apivvb898;test
apisr899;test;apipp899;test;apivvb899;test
apisr900;test;apipp900;test;apivvb900;test
apisr901;test;apipp901;test;apivvb901;test
apisr902;test;apipp902;test;apivvb902;test
apisr903;test;apipp903;test;apivvb903;test
apisr904;test;apipp904;test;apivvb904;test
apisr905;test;apipp905;test;apivvb905;test
apisr906;test;apipp906;test;apivvb906;test
apisr907;test;apipp907;test;apivvb907;test
apisr908;test;apipp908;test;apivvb908;test
apisr909;test;apipp909;test;apivvb909;test
apisr910;test;apipp910;test;apivvb910;test
apisr911;test;apipp911;test;apivvb911;test
apisr912;test;apipp912;test;apivvb912;test
apisr913;test;apipp913;test;apivvb913;test
apisr914;test;apipp914;test;apivvb914;test
apisr915;test;apipp915;test;apivvb915;test
apisr916;test;apipp916;test;apivvb916;test
apisr917;test;apipp917;test;apivvb917;test
apisr918;test;apipp918;test;apivvb918;test
apisr919;test;apipp919;test;apivvb919;test
apisr920;test;apipp920;test;apivvb920;test
apisr921;test;apipp921;test;apivvb921;test
apisr922;test;apipp922;test;apivvb922;test
apisr923;test;apipp923;test;apivvb923;test
apisr924;test;apipp924;test;apivvb924;test
apisr925;test;apipp925;test;apivvb925;test
apisr926;test;apipp926;test;apivvb926;test
apisr927;test;apipp927;test;apivvb927;test
apisr928;test;apipp928;test;apivvb928;test
apisr929;test;apipp929;test;apivvb929;test
apisr930;test;apipp930;test;apivvb930;test
apisr931;test;apipp931;test;apivvb931;test
apisr932;test;apipp932;test;apivvb932;test
apisr933;test;apipp933;test;apivvb933;test
apisr934;test;apipp934;test;apivvb934;test
apisr935;test;apipp935;test;apivvb935;test
apisr936;test;apipp936;test;apivvb936;test
apisr937;test;apipp937;test;apivvb937;test
apisr938;test;apipp938;test;apivvb938;test
apisr939;test;apipp939;test;apivvb939;test
apisr940;test;apipp940;test;apivvb940;test
apisr941;test;apipp941;test;apivvb941;test
apisr942;test;apipp942;test;apivvb942;test
apisr943;test;apipp943;test;apivvb943;test
apisr944;test;apipp944;test;apivvb944;test
apisr945;test;apipp945;test;apivvb945;test
apisr946;test;apipp946;test;apivvb946;test
apisr947;test;apipp947;test;apivvb947;test
apisr948;test;apipp948;test;apivvb948;test
apisr949;test;apipp949;test;apivvb949;test
apisr950;test;apipp950;test;apivvb950;test
apisr951;test;apipp951;test;apivvb951;test
apisr952;test;apipp952;test;apivvb952;test
apisr953;test;apipp953;test;apivvb953;test
apisr954;test;apipp954;test;apivvb954;test
apisr955;test;apipp955;test;apivvb955;test
apisr956;test;apipp956;test;apivvb956;test
apisr957;test;apipp957;test;apivvb957;test
apisr958;test;apipp958;test;apivvb958;test
apisr959;test;apipp959;test;apivvb959;test
apisr960;test;apipp960;test;apivvb960;test
apisr961;test;apipp961;test;apivvb961;test
apisr962;test;apipp962;test;apivvb962;test
apisr963;test;apipp963;test;apivvb963;test
apisr964;test;apipp964;test;apivvb964;test
apisr965;test;apipp965;test;apivvb965;test
apisr966;test;apipp966;test;apivvb966;test
apisr967;test;apipp967;test;apivvb967;test
apisr968;test;apipp968;test;apivvb968;test
apisr969;test;apipp969;test;apivvb969;test
apisr970;test;apipp970;test;apivvb970;test
apisr971;test;apipp971;test;apivvb971;test
apisr972;test;apipp972;test;apivvb972;test
apisr973;test;apipp973;test;apivvb973;test
apisr974;test;apipp974;test;apivvb974;test
apisr975;test;apipp975;test;apivvb975;test
apisr976;test;apipp976;test;apivvb976;test
apisr977;test;apipp977;test;apivvb977;test
apisr978;test;apipp978;test;apivvb978;test
apisr979;test;apipp979;test;apivvb979;test
apisr980;test;apipp980;test;apivvb980;test
apisr981;test;apipp981;test;apivvb981;test
apisr982;test;apipp982;test;apivvb982;test
apisr983;test;apipp983;test;apivvb983;test
apisr984;test;apipp984;test;apivvb984;test
apisr985;test;apipp985;test;apivvb985;test
apisr986;test;apipp986;test;apivvb986;test
apisr987;test;apipp987;test;apivvb987;test
apisr988;test;apipp988;test;apivvb988;test
apisr989;test;apipp989;test;apivvb989;test
apisr990;test;apipp990;test;apivvb990;test
apisr991;test;apipp991;test;apivvb991;test
apisr992;test;apipp992;test;apivvb992;test
apisr993;test;apipp993;test;apivvb993;test
apisr994;test;apipp994;test;apivvb994;test
apisr995;test;apipp995;test;apivvb995;test
apisr996;test;apipp996;test;apivvb996;test
apisr997;test;apipp997;test;apivvb997;test
apisr998;test;apipp998;test;apivvb998;test
apisr999;test;apipp999;test;apivvb999;test
apisr1000;test;apipp1000;test;apivvb1000;test
